{
  "latest_epoch": 49,
  "latest_checkpoint": "checkpoint_epoch_49.pth",
  "latest_loss": 0.048145697452127934,
  "latest_metrics": {
    "val_loss": 0.048145697452127934,
    "train_loss": 0.004765145918902229
  },
  "checkpoints": [
    {
      "epoch": 49,
      "filename": "checkpoint_epoch_49.pth",
      "loss": 0.048145697452127934,
      "metrics": {
        "val_loss": 0.048145697452127934,
        "train_loss": 0.004765145918902229
      },
      "timestamp": "2025-11-03T21:44:24.775580"
    }
  ]
}